id,name,class
0001_01,n000001,0
0002_01,n000001,0
0003_01,n000001,0
0004_01,n000001,0
0005_01,n000001,0
0006_01,n000001,0
0007_01,n000001,0
0008_01,n000001,0
0009_01,n000001,0
0010_01,n000001,0
0011_01,n000001,0
0012_01,n000001,0
0013_01,n000001,0
0014_01,n000001,0
0015_01,n000001,0
0016_01,n000001,0
0017_01,n000001,0
0018_01,n000001,0
0019_01,n000001,0
0020_01,n000001,0
0021_01,n000001,0
0022_01,n000001,0
0023_01,n000001,0
0024_01,n000001,0
0025_01,n000001,0
0026_02,n000001,0
0027_03,n000001,0
0028_01,n000001,0
0029_01,n000001,0
0030_01,n000001,0
0031_01,n000001,0
0032_01,n000001,0
0033_01,n000001,0
0034_02,n000001,0
0035_01,n000001,0
0036_01,n000001,0
0037_01,n000001,0
0038_01,n000001,0
0039_01,n000001,0
0040_01,n000001,0
0041_01,n000001,0
0042_01,n000001,0
0043_01,n000001,0
0044_01,n000001,0
0045_01,n000001,0
0046_01,n000001,0
0047_01,n000001,0
0048_01,n000001,0
0049_01,n000001,0
0050_02,n000001,0
0051_01,n000001,0
0052_01,n000001,0
0053_01,n000001,0
0054_01,n000001,0
0055_01,n000001,0
0056_01,n000001,0
0057_01,n000001,0
0058_01,n000001,0
0059_01,n000001,0
0060_01,n000001,0
0061_01,n000001,0
0062_01,n000001,0
0063_01,n000001,0
0064_01,n000001,0
0065_01,n000001,0
0066_01,n000001,0
0067_01,n000001,0
0068_01,n000001,0
0069_01,n000001,0
0070_01,n000001,0
0071_01,n000001,0
0072_01,n000001,0
0073_01,n000001,0
0074_01,n000001,0
0075_01,n000001,0
0076_01,n000001,0
0077_01,n000001,0
0078_01,n000001,0
0079_01,n000001,0
0080_01,n000001,0
0081_01,n000001,0
0082_01,n000001,0
0082_02,n000001,0
0083_01,n000001,0
0084_01,n000001,0
0085_01,n000001,0
0086_01,n000001,0
0087_01,n000001,0
0088_02,n000001,0
0089_01,n000001,0
0090_01,n000001,0
0091_01,n000001,0
0092_01,n000001,0
0093_01,n000001,0
0094_01,n000001,0
0095_01,n000001,0
0096_01,n000001,0
0097_01,n000001,0
0097_02,n000001,0
0097_03,n000001,0
0097_04,n000001,0
0097_05,n000001,0
0097_06,n000001,0
0097_07,n000001,0
0097_08,n000001,0
0097_09,n000001,0
0098_01,n000001,0
0099_01,n000001,0
0100_01,n000001,0
0101_01,n000001,0
0102_01,n000001,0
0103_01,n000001,0
0104_02,n000001,0
0105_01,n000001,0
0106_01,n000001,0
0107_01,n000001,0
0108_02,n000001,0
0109_03,n000001,0
0110_01,n000001,0
0111_01,n000001,0
0112_01,n000001,0
0113_01,n000001,0
0114_01,n000001,0
0115_01,n000001,0
0116_01,n000001,0
0117_01,n000001,0
0118_04,n000001,0
0119_01,n000001,0
0120_01,n000001,0
0121_01,n000001,0
0122_01,n000001,0
0123_01,n000001,0
0124_01,n000001,0
0125_01,n000001,0
0126_02,n000001,0
0001_01,n000009,1
0003_01,n000009,1
0004_01,n000009,1
0005_01,n000009,1
0006_01,n000009,1
0008_01,n000009,1
0009_01,n000009,1
0010_01,n000009,1
0011_01,n000009,1
0012_01,n000009,1
0013_01,n000009,1
0014_01,n000009,1
0015_01,n000009,1
0016_01,n000009,1
0017_01,n000009,1
0019_01,n000009,1
0020_01,n000009,1
0021_01,n000009,1
0022_01,n000009,1
0023_01,n000009,1
0023_03,n000009,1
0025_01,n000009,1
0027_01,n000009,1
0028_02,n000009,1
0030_02,n000009,1
0032_01,n000009,1
0034_01,n000009,1
0035_01,n000009,1
0038_01,n000009,1
0039_01,n000009,1
0040_01,n000009,1
0043_01,n000009,1
0044_01,n000009,1
0045_01,n000009,1
0046_01,n000009,1
0049_01,n000009,1
0053_01,n000009,1
0054_01,n000009,1
0056_01,n000009,1
0057_02,n000009,1
0059_01,n000009,1
0063_01,n000009,1
0068_01,n000009,1
0070_02,n000009,1
0072_01,n000009,1
0073_01,n000009,1
0077_01,n000009,1
0080_02,n000009,1
0081_01,n000009,1
0082_01,n000009,1
0083_01,n000009,1
0084_07,n000009,1
0087_01,n000009,1
0088_01,n000009,1
0089_01,n000009,1
0093_01,n000009,1
0096_01,n000009,1
0097_01,n000009,1
0099_01,n000009,1
0102_01,n000009,1
0103_01,n000009,1
0104_01,n000009,1
0105_01,n000009,1
0106_01,n000009,1
0107_01,n000009,1
0108_01,n000009,1
0109_01,n000009,1
0110_01,n000009,1
0112_02,n000009,1
0115_01,n000009,1
0119_01,n000009,1
0120_01,n000009,1
0121_01,n000009,1
0122_01,n000009,1
0122_02,n000009,1
0125_01,n000009,1
0128_01,n000009,1
0129_02,n000009,1
0131_01,n000009,1
0133_01,n000009,1
0133_02,n000009,1
0135_01,n000009,1
0139_01,n000009,1
0142_01,n000009,1
0143_01,n000009,1
0145_02,n000009,1
0157_02,n000009,1
0159_01,n000009,1
0160_01,n000009,1
0161_01,n000009,1
0166_01,n000009,1
0166_02,n000009,1
0167_01,n000009,1
0171_01,n000009,1
0172_01,n000009,1
0173_01,n000009,1
0175_01,n000009,1
0180_01,n000009,1
0183_01,n000009,1
0188_01,n000009,1
0194_01,n000009,1
0195_01,n000009,1
0202_01,n000009,1
0205_01,n000009,1
0206_01,n000009,1
0207_01,n000009,1
0208_01,n000009,1
0210_01,n000009,1
0211_01,n000009,1
0211_02,n000009,1
0212_01,n000009,1
0216_01,n000009,1
0220_01,n000009,1
0220_02,n000009,1
0221_01,n000009,1
0225_01,n000009,1
0230_01,n000009,1
0232_01,n000009,1
0237_01,n000009,1
0239_01,n000009,1
0242_01,n000009,1
0243_01,n000009,1
0244_01,n000009,1
0246_01,n000009,1
0248_01,n000009,1
0254_01,n000009,1
0258_01,n000009,1
0269_01,n000009,1
0273_01,n000009,1
0289_01,n000009,1
0310_01,n000009,1
0348_01,n000009,1
0349_01,n000009,1
0354_03,n000009,1
0356_06,n000009,1
0001_01,n000029,2
0002_01,n000029,2
0003_01,n000029,2
0004_01,n000029,2
0005_01,n000029,2
0006_01,n000029,2
0007_02,n000029,2
0008_05,n000029,2
0009_01,n000029,2
0010_01,n000029,2
0011_01,n000029,2
0012_01,n000029,2
0013_01,n000029,2
0014_01,n000029,2
0015_01,n000029,2
0016_01,n000029,2
0017_01,n000029,2
0018_01,n000029,2
0019_01,n000029,2
0020_01,n000029,2
0021_01,n000029,2
0022_01,n000029,2
0023_01,n000029,2
0024_01,n000029,2
0025_01,n000029,2
0026_01,n000029,2
0027_01,n000029,2
0028_01,n000029,2
0029_02,n000029,2
0030_01,n000029,2
0031_01,n000029,2
0032_03,n000029,2
0033_01,n000029,2
0034_01,n000029,2
0035_01,n000029,2
0036_01,n000029,2
0037_01,n000029,2
0038_01,n000029,2
0039_03,n000029,2
0040_01,n000029,2
0041_01,n000029,2
0042_01,n000029,2
0043_01,n000029,2
0044_01,n000029,2
0045_01,n000029,2
0046_02,n000029,2
0047_01,n000029,2
0048_01,n000029,2
0049_01,n000029,2
0050_01,n000029,2
0051_01,n000029,2
0052_03,n000029,2
0053_01,n000029,2
0054_01,n000029,2
0055_01,n000029,2
0056_01,n000029,2
0057_01,n000029,2
0058_01,n000029,2
0059_03,n000029,2
0060_01,n000029,2
0061_01,n000029,2
0062_03,n000029,2
0063_01,n000029,2
0064_01,n000029,2
0065_01,n000029,2
0066_02,n000029,2
0067_01,n000029,2
0068_01,n000029,2
0069_02,n000029,2
0070_01,n000029,2
0071_01,n000029,2
0072_01,n000029,2
0073_01,n000029,2
0074_01,n000029,2
0075_02,n000029,2
0076_01,n000029,2
0077_01,n000029,2
0078_02,n000029,2
0079_01,n000029,2
0080_01,n000029,2
0081_02,n000029,2
0082_02,n000029,2
0083_01,n000029,2
0084_02,n000029,2
0085_01,n000029,2
0086_03,n000029,2
0087_01,n000029,2
0088_01,n000029,2
0089_02,n000029,2
0090_03,n000029,2
0091_02,n000029,2
0092_02,n000029,2
0093_11,n000029,2
0094_01,n000029,2
0095_01,n000029,2
0096_01,n000029,2
0097_01,n000029,2
0098_01,n000029,2
0099_01,n000029,2
0100_01,n000029,2
0101_02,n000029,2
0102_02,n000029,2
0103_02,n000029,2
0104_01,n000029,2
0105_04,n000029,2
0106_01,n000029,2
0107_01,n000029,2
0108_01,n000029,2
0109_01,n000029,2
0110_01,n000029,2
0111_01,n000029,2
0112_01,n000029,2
0113_01,n000029,2
0114_02,n000029,2
0115_02,n000029,2
0116_01,n000029,2
0117_01,n000029,2
0118_02,n000029,2
0119_01,n000029,2
0120_01,n000029,2
0121_01,n000029,2
0122_01,n000029,2
0123_01,n000029,2
0124_01,n000029,2
0125_01,n000029,2
0126_01,n000029,2
0127_02,n000029,2
0128_02,n000029,2
0129_01,n000029,2
0130_01,n000029,2
0131_01,n000029,2
0132_01,n000029,2
0133_01,n000029,2
0134_01,n000029,2
0135_01,n000029,2
0001_01,n000040,3
0002_01,n000040,3
0003_01,n000040,3
0004_01,n000040,3
0005_01,n000040,3
0006_01,n000040,3
0007_01,n000040,3
0008_01,n000040,3
0009_01,n000040,3
0010_01,n000040,3
0011_01,n000040,3
0012_01,n000040,3
0013_01,n000040,3
0014_01,n000040,3
0015_01,n000040,3
0016_01,n000040,3
0017_01,n000040,3
0018_01,n000040,3
0019_01,n000040,3
0020_06,n000040,3
0021_01,n000040,3
0022_02,n000040,3
0023_01,n000040,3
0024_01,n000040,3
0025_01,n000040,3
0026_01,n000040,3
0027_01,n000040,3
0028_02,n000040,3
0029_01,n000040,3
0030_02,n000040,3
0031_03,n000040,3
0032_02,n000040,3
0034_02,n000040,3
0035_01,n000040,3
0036_01,n000040,3
0037_01,n000040,3
0038_01,n000040,3
0039_01,n000040,3
0040_01,n000040,3
0041_01,n000040,3
0043_03,n000040,3
0044_01,n000040,3
0045_02,n000040,3
0046_01,n000040,3
0047_01,n000040,3
0049_01,n000040,3
0050_01,n000040,3
0052_01,n000040,3
0053_01,n000040,3
0054_01,n000040,3
0055_01,n000040,3
0056_01,n000040,3
0061_01,n000040,3
0062_02,n000040,3
0064_01,n000040,3
0065_01,n000040,3
0067_04,n000040,3
0068_01,n000040,3
0069_04,n000040,3
0070_01,n000040,3
0071_04,n000040,3
0073_05,n000040,3
0076_03,n000040,3
0077_01,n000040,3
0078_01,n000040,3
0079_01,n000040,3
0080_01,n000040,3
0082_01,n000040,3
0086_03,n000040,3
0087_01,n000040,3
0088_01,n000040,3
0089_05,n000040,3
0090_01,n000040,3
0091_01,n000040,3
0091_03,n000040,3
0092_01,n000040,3
0093_01,n000040,3
0094_01,n000040,3
0097_01,n000040,3
0100_01,n000040,3
0101_01,n000040,3
0104_01,n000040,3
0105_02,n000040,3
0106_01,n000040,3
0107_01,n000040,3
0108_02,n000040,3
0109_01,n000040,3
0111_01,n000040,3
0114_03,n000040,3
0114_04,n000040,3
0114_05,n000040,3
0114_06,n000040,3
0114_07,n000040,3
0115_01,n000040,3
0118_01,n000040,3
0119_01,n000040,3
0121_01,n000040,3
0121_02,n000040,3
0122_01,n000040,3
0124_01,n000040,3
0125_01,n000040,3
0126_01,n000040,3
0128_02,n000040,3
0129_01,n000040,3
0130_01,n000040,3
0131_01,n000040,3
0133_01,n000040,3
0134_01,n000040,3
0136_01,n000040,3
0137_01,n000040,3
0140_01,n000040,3
0143_01,n000040,3
0146_03,n000040,3
0148_02,n000040,3
0149_01,n000040,3
0150_01,n000040,3
0151_02,n000040,3
0152_02,n000040,3
0153_01,n000040,3
0155_02,n000040,3
0156_04,n000040,3
0157_02,n000040,3
0157_03,n000040,3
0158_01,n000040,3
0159_01,n000040,3
0160_02,n000040,3
0161_02,n000040,3
0162_01,n000040,3
0163_02,n000040,3
0165_01,n000040,3
0167_02,n000040,3
0168_01,n000040,3
0170_01,n000040,3
0173_01,n000040,3
0174_01,n000040,3
0002_02,n000078,4
0003_01,n000078,4
0004_01,n000078,4
0005_01,n000078,4
0006_03,n000078,4
0008_01,n000078,4
0009_01,n000078,4
0010_01,n000078,4
0011_01,n000078,4
0012_03,n000078,4
0013_01,n000078,4
0014_01,n000078,4
0015_01,n000078,4
0018_02,n000078,4
0019_02,n000078,4
0020_01,n000078,4
0021_01,n000078,4
0022_01,n000078,4
0023_01,n000078,4
0024_01,n000078,4
0025_01,n000078,4
0026_01,n000078,4
0027_01,n000078,4
0028_02,n000078,4
0029_01,n000078,4
0030_01,n000078,4
0031_01,n000078,4
0032_02,n000078,4
0033_03,n000078,4
0034_03,n000078,4
0035_02,n000078,4
0036_02,n000078,4
0037_01,n000078,4
0038_02,n000078,4
0039_02,n000078,4
0040_01,n000078,4
0041_01,n000078,4
0042_01,n000078,4
0043_01,n000078,4
0044_02,n000078,4
0045_01,n000078,4
0046_01,n000078,4
0047_01,n000078,4
0048_02,n000078,4
0049_01,n000078,4
0050_01,n000078,4
0051_01,n000078,4
0052_01,n000078,4
0053_02,n000078,4
0054_01,n000078,4
0056_03,n000078,4
0057_01,n000078,4
0058_01,n000078,4
0059_01,n000078,4
0060_01,n000078,4
0062_01,n000078,4
0063_01,n000078,4
0064_01,n000078,4
0065_02,n000078,4
0066_01,n000078,4
0067_01,n000078,4
0068_01,n000078,4
0069_02,n000078,4
0070_01,n000078,4
0071_05,n000078,4
0072_01,n000078,4
0073_02,n000078,4
0074_01,n000078,4
0075_01,n000078,4
0076_01,n000078,4
0077_03,n000078,4
0078_01,n000078,4
0079_01,n000078,4
0080_01,n000078,4
0081_01,n000078,4
0082_01,n000078,4
0083_02,n000078,4
0084_01,n000078,4
0085_01,n000078,4
0086_02,n000078,4
0087_01,n000078,4
0088_01,n000078,4
0089_02,n000078,4
0090_01,n000078,4
0091_02,n000078,4
0093_04,n000078,4
0094_01,n000078,4
0095_01,n000078,4
0096_01,n000078,4
0097_04,n000078,4
0098_02,n000078,4
0099_02,n000078,4
0100_01,n000078,4
0101_01,n000078,4
0102_01,n000078,4
0103_01,n000078,4
0104_01,n000078,4
0106_01,n000078,4
0107_01,n000078,4
0108_01,n000078,4
0109_05,n000078,4
0110_03,n000078,4
0111_01,n000078,4
0112_01,n000078,4
0113_04,n000078,4
0114_01,n000078,4
0115_01,n000078,4
0116_01,n000078,4
0117_01,n000078,4
0118_01,n000078,4
0119_01,n000078,4
0120_01,n000078,4
0121_02,n000078,4
0122_01,n000078,4
0122_02,n000078,4
0123_02,n000078,4
0124_01,n000078,4
0125_01,n000078,4
0125_04,n000078,4
0126_01,n000078,4
0127_02,n000078,4
0128_02,n000078,4
0129_02,n000078,4
0130_04,n000078,4
0131_01,n000078,4
0132_01,n000078,4
0133_01,n000078,4
0134_02,n000078,4
0135_04,n000078,4
0136_01,n000078,4
0137_03,n000078,4
0138_01,n000078,4
0140_01,n000078,4
0141_02,n000078,4
0142_02,n000078,4
0001_01,n000082,5
0001_02,n000082,5
0002_01,n000082,5
0002_02,n000082,5
0003_01,n000082,5
0003_03,n000082,5
0004_01,n000082,5
0004_05,n000082,5
0005_01,n000082,5
0006_02,n000082,5
0006_03,n000082,5
0007_01,n000082,5
0008_01,n000082,5
0008_03,n000082,5
0009_01,n000082,5
0009_02,n000082,5
0010_01,n000082,5
0010_02,n000082,5
0011_01,n000082,5
0011_02,n000082,5
0012_02,n000082,5
0012_03,n000082,5
0013_01,n000082,5
0014_01,n000082,5
0014_02,n000082,5
0015_01,n000082,5
0015_02,n000082,5
0015_03,n000082,5
0016_01,n000082,5
0016_02,n000082,5
0017_02,n000082,5
0017_03,n000082,5
0018_02,n000082,5
0018_03,n000082,5
0019_01,n000082,5
0019_02,n000082,5
0020_01,n000082,5
0020_04,n000082,5
0021_02,n000082,5
0021_03,n000082,5
0022_01,n000082,5
0022_02,n000082,5
0023_01,n000082,5
0024_01,n000082,5
0025_01,n000082,5
0025_02,n000082,5
0026_01,n000082,5
0027_01,n000082,5
0027_02,n000082,5
0028_01,n000082,5
0028_02,n000082,5
0029_01,n000082,5
0029_02,n000082,5
0030_02,n000082,5
0030_03,n000082,5
0031_01,n000082,5
0031_02,n000082,5
0032_01,n000082,5
0032_02,n000082,5
0032_03,n000082,5
0032_04,n000082,5
0033_01,n000082,5
0034_01,n000082,5
0035_01,n000082,5
0035_02,n000082,5
0036_02,n000082,5
0036_04,n000082,5
0037_02,n000082,5
0037_03,n000082,5
0038_01,n000082,5
0039_01,n000082,5
0039_02,n000082,5
0040_01,n000082,5
0041_01,n000082,5
0041_02,n000082,5
0042_01,n000082,5
0043_01,n000082,5
0044_01,n000082,5
0045_01,n000082,5
0045_03,n000082,5
0046_01,n000082,5
0046_02,n000082,5
0047_01,n000082,5
0047_03,n000082,5
0048_01,n000082,5
0048_02,n000082,5
0049_03,n000082,5
0049_04,n000082,5
0050_01,n000082,5
0051_02,n000082,5
0052_01,n000082,5
0052_02,n000082,5
0053_01,n000082,5
0053_04,n000082,5
0054_01,n000082,5
0054_03,n000082,5
0055_01,n000082,5
0056_01,n000082,5
0056_02,n000082,5
0057_01,n000082,5
0057_02,n000082,5
0058_01,n000082,5
0059_01,n000082,5
0059_02,n000082,5
0060_02,n000082,5
0061_01,n000082,5
0061_03,n000082,5
0062_01,n000082,5
0063_01,n000082,5
0063_03,n000082,5
0064_01,n000082,5
0064_03,n000082,5
0065_02,n000082,5
0065_03,n000082,5
0066_01,n000082,5
0067_01,n000082,5
0067_02,n000082,5
0068_01,n000082,5
0068_02,n000082,5
0070_01,n000082,5
0071_01,n000082,5
0071_02,n000082,5
0072_01,n000082,5
0073_01,n000082,5
0073_02,n000082,5
0074_01,n000082,5
0075_01,n000082,5
0075_02,n000082,5
0076_01,n000082,5
0077_01,n000082,5
0077_03,n000082,5
0077_05,n000082,5
0078_01,n000082,5
0079_01,n000082,5
0080_01,n000082,5
0001_03,n000106,6
0002_01,n000106,6
0003_01,n000106,6
0004_01,n000106,6
0005_01,n000106,6
0006_01,n000106,6
0007_01,n000106,6
0008_01,n000106,6
0009_01,n000106,6
0010_01,n000106,6
0011_01,n000106,6
0012_01,n000106,6
0013_01,n000106,6
0014_01,n000106,6
0015_01,n000106,6
0016_01,n000106,6
0017_01,n000106,6
0018_01,n000106,6
0019_01,n000106,6
0020_01,n000106,6
0020_02,n000106,6
0020_03,n000106,6
0021_01,n000106,6
0022_01,n000106,6
0023_01,n000106,6
0024_02,n000106,6
0025_01,n000106,6
0026_01,n000106,6
0027_01,n000106,6
0028_02,n000106,6
0029_01,n000106,6
0030_01,n000106,6
0031_01,n000106,6
0032_01,n000106,6
0033_01,n000106,6
0034_01,n000106,6
0035_02,n000106,6
0036_02,n000106,6
0037_01,n000106,6
0038_01,n000106,6
0039_01,n000106,6
0040_01,n000106,6
0041_01,n000106,6
0042_01,n000106,6
0043_01,n000106,6
0044_01,n000106,6
0045_01,n000106,6
0046_01,n000106,6
0047_01,n000106,6
0048_02,n000106,6
0049_01,n000106,6
0050_01,n000106,6
0052_02,n000106,6
0053_01,n000106,6
0054_01,n000106,6
0055_01,n000106,6
0056_01,n000106,6
0057_01,n000106,6
0058_02,n000106,6
0059_01,n000106,6
0060_02,n000106,6
0061_01,n000106,6
0062_01,n000106,6
0063_02,n000106,6
0064_01,n000106,6
0065_01,n000106,6
0066_01,n000106,6
0067_01,n000106,6
0068_01,n000106,6
0069_01,n000106,6
0070_02,n000106,6
0071_02,n000106,6
0072_01,n000106,6
0073_01,n000106,6
0073_02,n000106,6
0074_01,n000106,6
0075_01,n000106,6
0076_02,n000106,6
0077_01,n000106,6
0078_01,n000106,6
0079_01,n000106,6
0080_01,n000106,6
0081_01,n000106,6
0082_01,n000106,6
0083_01,n000106,6
0084_01,n000106,6
0085_01,n000106,6
0086_01,n000106,6
0087_01,n000106,6
0088_01,n000106,6
0089_01,n000106,6
0090_02,n000106,6
0091_01,n000106,6
0092_01,n000106,6
0093_01,n000106,6
0094_01,n000106,6
0095_01,n000106,6
0096_01,n000106,6
0097_01,n000106,6
0098_02,n000106,6
0099_01,n000106,6
0100_01,n000106,6
0101_01,n000106,6
0102_01,n000106,6
0102_02,n000106,6
0103_01,n000106,6
0104_01,n000106,6
0105_01,n000106,6
0106_02,n000106,6
0107_02,n000106,6
0108_01,n000106,6
0109_01,n000106,6
0110_02,n000106,6
0111_01,n000106,6
0112_01,n000106,6
0113_01,n000106,6
0114_01,n000106,6
0115_01,n000106,6
0116_01,n000106,6
0117_01,n000106,6
0118_02,n000106,6
0119_01,n000106,6
0120_01,n000106,6
0121_01,n000106,6
0122_01,n000106,6
0123_01,n000106,6
0124_01,n000106,6
0125_02,n000106,6
0126_01,n000106,6
0127_01,n000106,6
0128_01,n000106,6
0129_01,n000106,6
0130_01,n000106,6
0131_01,n000106,6
0132_01,n000106,6
0001_01,n000129,7
0002_01,n000129,7
0003_01,n000129,7
0004_01,n000129,7
0005_01,n000129,7
0006_01,n000129,7
0007_01,n000129,7
0008_01,n000129,7
0009_01,n000129,7
0010_01,n000129,7
0011_01,n000129,7
0012_01,n000129,7
0013_04,n000129,7
0014_01,n000129,7
0015_01,n000129,7
0016_01,n000129,7
0017_01,n000129,7
0018_01,n000129,7
0019_01,n000129,7
0020_01,n000129,7
0021_01,n000129,7
0022_01,n000129,7
0023_01,n000129,7
0024_01,n000129,7
0025_01,n000129,7
0026_01,n000129,7
0027_01,n000129,7
0028_01,n000129,7
0029_01,n000129,7
0030_01,n000129,7
0031_01,n000129,7
0032_01,n000129,7
0033_01,n000129,7
0034_01,n000129,7
0035_01,n000129,7
0036_01,n000129,7
0037_07,n000129,7
0038_01,n000129,7
0039_01,n000129,7
0040_01,n000129,7
0041_01,n000129,7
0042_01,n000129,7
0043_01,n000129,7
0044_01,n000129,7
0045_01,n000129,7
0046_01,n000129,7
0047_01,n000129,7
0048_01,n000129,7
0049_01,n000129,7
0050_01,n000129,7
0051_01,n000129,7
0052_01,n000129,7
0053_01,n000129,7
0054_01,n000129,7
0055_01,n000129,7
0056_01,n000129,7
0057_01,n000129,7
0058_01,n000129,7
0059_01,n000129,7
0060_01,n000129,7
0061_01,n000129,7
0062_01,n000129,7
0063_02,n000129,7
0064_01,n000129,7
0065_01,n000129,7
0066_01,n000129,7
0067_01,n000129,7
0068_01,n000129,7
0069_01,n000129,7
0070_01,n000129,7
0071_01,n000129,7
0072_01,n000129,7
0073_01,n000129,7
0074_01,n000129,7
0075_01,n000129,7
0076_01,n000129,7
0077_01,n000129,7
0078_01,n000129,7
0079_01,n000129,7
0080_01,n000129,7
0081_01,n000129,7
0082_01,n000129,7
0083_01,n000129,7
0084_01,n000129,7
0085_02,n000129,7
0086_01,n000129,7
0087_02,n000129,7
0088_01,n000129,7
0089_01,n000129,7
0090_02,n000129,7
0091_01,n000129,7
0092_01,n000129,7
0093_01,n000129,7
0094_01,n000129,7
0095_01,n000129,7
0096_01,n000129,7
0097_01,n000129,7
0098_01,n000129,7
0099_01,n000129,7
0100_01,n000129,7
0101_01,n000129,7
0102_01,n000129,7
0103_01,n000129,7
0104_01,n000129,7
0105_01,n000129,7
0106_01,n000129,7
0107_01,n000129,7
0108_01,n000129,7
0109_01,n000129,7
0110_01,n000129,7
0111_01,n000129,7
0112_01,n000129,7
0113_01,n000129,7
0114_01,n000129,7
0115_01,n000129,7
0116_01,n000129,7
0117_01,n000129,7
0118_01,n000129,7
0119_01,n000129,7
0120_01,n000129,7
0121_01,n000129,7
0122_01,n000129,7
0123_01,n000129,7
0124_01,n000129,7
0125_01,n000129,7
0126_01,n000129,7
0127_01,n000129,7
0128_01,n000129,7
0129_01,n000129,7
0130_01,n000129,7
0131_01,n000129,7
0132_02,n000129,7
0133_01,n000129,7
0134_01,n000129,7
0135_01,n000129,7
0001_01,n000148,8
0002_01,n000148,8
0004_01,n000148,8
0005_01,n000148,8
0006_01,n000148,8
0007_01,n000148,8
0008_01,n000148,8
0009_01,n000148,8
0010_01,n000148,8
0012_01,n000148,8
0013_01,n000148,8
0014_01,n000148,8
0016_01,n000148,8
0017_01,n000148,8
0019_01,n000148,8
0020_01,n000148,8
0021_01,n000148,8
0023_01,n000148,8
0024_01,n000148,8
0025_01,n000148,8
0026_01,n000148,8
0028_01,n000148,8
0030_01,n000148,8
0031_01,n000148,8
0033_01,n000148,8
0035_01,n000148,8
0038_01,n000148,8
0039_01,n000148,8
0040_01,n000148,8
0041_01,n000148,8
0043_01,n000148,8
0044_01,n000148,8
0045_01,n000148,8
0046_01,n000148,8
0046_02,n000148,8
0047_01,n000148,8
0048_01,n000148,8
0049_01,n000148,8
0050_01,n000148,8
0051_01,n000148,8
0052_01,n000148,8
0053_02,n000148,8
0054_01,n000148,8
0055_01,n000148,8
0057_01,n000148,8
0058_01,n000148,8
0059_01,n000148,8
0060_01,n000148,8
0061_01,n000148,8
0062_01,n000148,8
0063_01,n000148,8
0064_01,n000148,8
0065_01,n000148,8
0066_01,n000148,8
0067_01,n000148,8
0069_01,n000148,8
0070_01,n000148,8
0072_01,n000148,8
0074_01,n000148,8
0075_03,n000148,8
0075_04,n000148,8
0076_01,n000148,8
0077_01,n000148,8
0078_01,n000148,8
0081_01,n000148,8
0082_01,n000148,8
0083_01,n000148,8
0086_01,n000148,8
0088_01,n000148,8
0089_01,n000148,8
0090_01,n000148,8
0092_01,n000148,8
0093_01,n000148,8
0094_01,n000148,8
0096_01,n000148,8
0096_08,n000148,8
0097_01,n000148,8
0098_01,n000148,8
0099_01,n000148,8
0100_01,n000148,8
0102_01,n000148,8
0103_01,n000148,8
0105_01,n000148,8
0106_01,n000148,8
0107_01,n000148,8
0108_01,n000148,8
0109_01,n000148,8
0110_04,n000148,8
0111_01,n000148,8
0112_01,n000148,8
0114_01,n000148,8
0115_01,n000148,8
0118_01,n000148,8
0119_01,n000148,8
0121_01,n000148,8
0122_01,n000148,8
0122_02,n000148,8
0123_01,n000148,8
0125_01,n000148,8
0126_01,n000148,8
0128_01,n000148,8
0130_01,n000148,8
0131_01,n000148,8
0132_01,n000148,8
0133_01,n000148,8
0134_02,n000148,8
0136_01,n000148,8
0138_01,n000148,8
0139_01,n000148,8
0140_01,n000148,8
0142_01,n000148,8
0143_01,n000148,8
0144_01,n000148,8
0147_01,n000148,8
0148_01,n000148,8
0149_01,n000148,8
0150_01,n000148,8
0150_02,n000148,8
0152_01,n000148,8
0153_01,n000148,8
0154_01,n000148,8
0156_01,n000148,8
0160_01,n000148,8
0161_01,n000148,8
0162_01,n000148,8
0166_01,n000148,8
0168_01,n000148,8
0170_01,n000148,8
0171_01,n000148,8
0173_01,n000148,8
0175_01,n000148,8
0176_01,n000148,8
0178_01,n000148,8
0179_04,n000148,8
0180_01,n000148,8
0001_01,n000149,9
0002_01,n000149,9
0003_01,n000149,9
0004_01,n000149,9
0005_02,n000149,9
0006_01,n000149,9
0007_01,n000149,9
0008_01,n000149,9
0009_01,n000149,9
0010_01,n000149,9
0011_01,n000149,9
0012_01,n000149,9
0013_01,n000149,9
0014_01,n000149,9
0015_01,n000149,9
0016_01,n000149,9
0017_01,n000149,9
0018_01,n000149,9
0019_01,n000149,9
0020_01,n000149,9
0021_01,n000149,9
0022_01,n000149,9
0023_01,n000149,9
0024_01,n000149,9
0025_01,n000149,9
0026_01,n000149,9
0027_01,n000149,9
0028_01,n000149,9
0028_02,n000149,9
0029_01,n000149,9
0030_01,n000149,9
0031_03,n000149,9
0032_01,n000149,9
0033_01,n000149,9
0034_01,n000149,9
0035_01,n000149,9
0035_02,n000149,9
0036_01,n000149,9
0037_01,n000149,9
0038_01,n000149,9
0038_02,n000149,9
0038_03,n000149,9
0038_04,n000149,9
0039_01,n000149,9
0040_01,n000149,9
0041_01,n000149,9
0042_01,n000149,9
0043_02,n000149,9
0044_01,n000149,9
0045_01,n000149,9
0046_01,n000149,9
0047_01,n000149,9
0048_01,n000149,9
0049_01,n000149,9
0050_01,n000149,9
0051_02,n000149,9
0052_02,n000149,9
0053_01,n000149,9
0054_01,n000149,9
0055_02,n000149,9
0056_01,n000149,9
0057_01,n000149,9
0058_01,n000149,9
0059_01,n000149,9
0060_02,n000149,9
0060_04,n000149,9
0061_01,n000149,9
0062_01,n000149,9
0063_01,n000149,9
0064_01,n000149,9
0065_01,n000149,9
0066_01,n000149,9
0067_01,n000149,9
0068_01,n000149,9
0069_01,n000149,9
0070_01,n000149,9
0071_01,n000149,9
0072_01,n000149,9
0073_01,n000149,9
0074_01,n000149,9
0075_01,n000149,9
0076_01,n000149,9
0077_03,n000149,9
0078_01,n000149,9
0079_01,n000149,9
0080_01,n000149,9
0081_01,n000149,9
0082_01,n000149,9
0083_01,n000149,9
0084_01,n000149,9
0085_01,n000149,9
0086_01,n000149,9
0087_01,n000149,9
0088_01,n000149,9
0089_01,n000149,9
0090_01,n000149,9
0091_01,n000149,9
0092_01,n000149,9
0092_02,n000149,9
0093_01,n000149,9
0094_01,n000149,9
0095_01,n000149,9
0096_01,n000149,9
0097_01,n000149,9
0098_02,n000149,9
0099_01,n000149,9
0099_02,n000149,9
0100_01,n000149,9
0101_01,n000149,9
0102_01,n000149,9
0103_01,n000149,9
0104_01,n000149,9
0105_01,n000149,9
0105_02,n000149,9
0106_01,n000149,9
0107_01,n000149,9
0108_01,n000149,9
0109_01,n000149,9
0110_01,n000149,9
0111_01,n000149,9
0111_02,n000149,9
0112_01,n000149,9
0113_01,n000149,9
0114_01,n000149,9
0115_01,n000149,9
0116_01,n000149,9
0117_01,n000149,9
0118_02,n000149,9
0119_01,n000149,9
0120_01,n000149,9
0121_01,n000149,9
0123_01,n000149,9
0124_02,n000149,9
0125_01,n000149,9
0126_01,n000149,9
0001_01,n000178,10
0002_01,n000178,10
0003_02,n000178,10
0004_01,n000178,10
0005_01,n000178,10
0006_01,n000178,10
0007_01,n000178,10
0008_01,n000178,10
0009_01,n000178,10
0010_01,n000178,10
0011_01,n000178,10
0012_01,n000178,10
0013_01,n000178,10
0014_01,n000178,10
0015_01,n000178,10
0016_01,n000178,10
0017_01,n000178,10
0018_01,n000178,10
0019_01,n000178,10
0020_01,n000178,10
0021_01,n000178,10
0022_01,n000178,10
0023_01,n000178,10
0024_01,n000178,10
0025_01,n000178,10
0026_01,n000178,10
0027_03,n000178,10
0028_01,n000178,10
0029_01,n000178,10
0030_02,n000178,10
0030_03,n000178,10
0031_01,n000178,10
0032_01,n000178,10
0033_01,n000178,10
0034_01,n000178,10
0035_01,n000178,10
0037_01,n000178,10
0038_01,n000178,10
0039_01,n000178,10
0040_01,n000178,10
0041_01,n000178,10
0042_01,n000178,10
0043_01,n000178,10
0044_01,n000178,10
0045_01,n000178,10
0046_01,n000178,10
0047_01,n000178,10
0048_01,n000178,10
0049_01,n000178,10
0050_01,n000178,10
0051_01,n000178,10
0052_01,n000178,10
0053_01,n000178,10
0054_01,n000178,10
0055_01,n000178,10
0056_01,n000178,10
0057_01,n000178,10
0058_01,n000178,10
0059_01,n000178,10
0060_01,n000178,10
0061_01,n000178,10
0062_01,n000178,10
0063_01,n000178,10
0064_01,n000178,10
0065_01,n000178,10
0066_01,n000178,10
0067_01,n000178,10
0068_01,n000178,10
0069_01,n000178,10
0070_07,n000178,10
0071_01,n000178,10
0072_01,n000178,10
0073_01,n000178,10
0074_01,n000178,10
0075_01,n000178,10
0076_01,n000178,10
0077_01,n000178,10
0078_01,n000178,10
0079_01,n000178,10
0080_01,n000178,10
0081_01,n000178,10
0082_01,n000178,10
0083_01,n000178,10
0084_02,n000178,10
0085_02,n000178,10
0086_01,n000178,10
0087_02,n000178,10
0088_01,n000178,10
0089_01,n000178,10
0092_01,n000178,10
0093_01,n000178,10
0094_02,n000178,10
0095_02,n000178,10
0096_01,n000178,10
0097_01,n000178,10
0100_01,n000178,10
0101_01,n000178,10
0102_01,n000178,10
0103_01,n000178,10
0105_01,n000178,10
0106_02,n000178,10
0107_01,n000178,10
0108_01,n000178,10
0110_02,n000178,10
0111_01,n000178,10
0112_01,n000178,10
0113_02,n000178,10
0114_01,n000178,10
0115_01,n000178,10
0117_01,n000178,10
0119_01,n000178,10
0120_01,n000178,10
0121_01,n000178,10
0122_01,n000178,10
0123_01,n000178,10
0124_01,n000178,10
0125_01,n000178,10
0126_01,n000178,10
0128_01,n000178,10
0129_06,n000178,10
0130_01,n000178,10
0131_01,n000178,10
0132_01,n000178,10
0133_04,n000178,10
0135_02,n000178,10
0136_04,n000178,10
0136_06,n000178,10
0137_01,n000178,10
0138_01,n000178,10
0142_01,n000178,10
0143_01,n000178,10
0144_01,n000178,10
0144_02,n000178,10
0145_01,n000178,10
0146_01,n000178,10
0001_01,n000259,11
0001_02,n000259,11
0001_03,n000259,11
0001_04,n000259,11
0001_05,n000259,11
0001_06,n000259,11
0002_01,n000259,11
0003_01,n000259,11
0004_01,n000259,11
0005_01,n000259,11
0006_01,n000259,11
0007_01,n000259,11
0008_01,n000259,11
0009_01,n000259,11
0010_01,n000259,11
0011_01,n000259,11
0012_01,n000259,11
0013_01,n000259,11
0014_01,n000259,11
0015_01,n000259,11
0016_01,n000259,11
0017_01,n000259,11
0018_01,n000259,11
0019_01,n000259,11
0020_02,n000259,11
0021_01,n000259,11
0022_01,n000259,11
0023_01,n000259,11
0024_01,n000259,11
0025_01,n000259,11
0026_01,n000259,11
0027_01,n000259,11
0028_01,n000259,11
0029_01,n000259,11
0030_01,n000259,11
0031_02,n000259,11
0032_01,n000259,11
0033_01,n000259,11
0034_01,n000259,11
0035_01,n000259,11
0035_02,n000259,11
0036_02,n000259,11
0037_01,n000259,11
0038_01,n000259,11
0039_01,n000259,11
0040_01,n000259,11
0041_01,n000259,11
0042_01,n000259,11
0043_01,n000259,11
0044_01,n000259,11
0045_01,n000259,11
0046_01,n000259,11
0047_01,n000259,11
0048_01,n000259,11
0049_01,n000259,11
0050_01,n000259,11
0051_01,n000259,11
0052_01,n000259,11
0052_02,n000259,11
0053_02,n000259,11
0054_01,n000259,11
0055_01,n000259,11
0057_01,n000259,11
0057_02,n000259,11
0058_01,n000259,11
0059_01,n000259,11
0060_01,n000259,11
0061_01,n000259,11
0062_01,n000259,11
0063_02,n000259,11
0064_01,n000259,11
0065_01,n000259,11
0066_01,n000259,11
0067_01,n000259,11
0068_01,n000259,11
0069_01,n000259,11
0070_01,n000259,11
0071_01,n000259,11
0071_02,n000259,11
0072_02,n000259,11
0073_01,n000259,11
0074_01,n000259,11
0075_01,n000259,11
0076_01,n000259,11
0077_01,n000259,11
0078_01,n000259,11
0079_01,n000259,11
0079_02,n000259,11
0080_05,n000259,11
0081_01,n000259,11
0082_01,n000259,11
0083_02,n000259,11
0084_01,n000259,11
0085_01,n000259,11
0086_01,n000259,11
0086_02,n000259,11
0087_01,n000259,11
0088_01,n000259,11
0088_02,n000259,11
0089_01,n000259,11
0090_01,n000259,11
0091_01,n000259,11
0092_01,n000259,11
0093_01,n000259,11
0094_01,n000259,11
0095_02,n000259,11
0096_01,n000259,11
0097_01,n000259,11
0098_01,n000259,11
0099_01,n000259,11
0100_01,n000259,11
0102_01,n000259,11
0103_01,n000259,11
0104_01,n000259,11
0104_02,n000259,11
0105_01,n000259,11
0106_01,n000259,11
0107_01,n000259,11
0108_01,n000259,11
0108_02,n000259,11
0109_01,n000259,11
0110_01,n000259,11
0110_02,n000259,11
0111_01,n000259,11
0112_01,n000259,11
0113_02,n000259,11
0114_01,n000259,11
0115_01,n000259,11
0116_01,n000259,11
0116_02,n000259,11
0117_01,n000259,11
0118_04,n000259,11
0119_05,n000259,11
0120_01,n000259,11
0121_01,n000259,11
0001_02,n000284,12
0002_02,n000284,12
0003_01,n000284,12
0004_01,n000284,12
0005_01,n000284,12
0006_01,n000284,12
0007_02,n000284,12
0008_02,n000284,12
0009_01,n000284,12
0010_02,n000284,12
0011_01,n000284,12
0012_02,n000284,12
0013_02,n000284,12
0014_03,n000284,12
0015_01,n000284,12
0016_02,n000284,12
0017_02,n000284,12
0018_02,n000284,12
0019_01,n000284,12
0020_02,n000284,12
0021_01,n000284,12
0022_02,n000284,12
0023_02,n000284,12
0024_02,n000284,12
0025_04,n000284,12
0026_01,n000284,12
0027_01,n000284,12
0028_02,n000284,12
0029_04,n000284,12
0030_02,n000284,12
0031_02,n000284,12
0032_02,n000284,12
0033_02,n000284,12
0034_03,n000284,12
0035_01,n000284,12
0036_01,n000284,12
0037_01,n000284,12
0038_02,n000284,12
0039_02,n000284,12
0040_02,n000284,12
0042_01,n000284,12
0043_02,n000284,12
0044_02,n000284,12
0045_01,n000284,12
0046_01,n000284,12
0047_01,n000284,12
0048_01,n000284,12
0049_01,n000284,12
0050_03,n000284,12
0052_02,n000284,12
0053_01,n000284,12
0054_02,n000284,12
0055_02,n000284,12
0056_01,n000284,12
0057_01,n000284,12
0058_02,n000284,12
0059_02,n000284,12
0060_02,n000284,12
0061_01,n000284,12
0062_01,n000284,12
0063_01,n000284,12
0064_04,n000284,12
0065_02,n000284,12
0066_02,n000284,12
0067_01,n000284,12
0068_01,n000284,12
0069_01,n000284,12
0070_02,n000284,12
0071_03,n000284,12
0072_02,n000284,12
0073_01,n000284,12
0074_01,n000284,12
0075_01,n000284,12
0076_02,n000284,12
0078_02,n000284,12
0079_01,n000284,12
0080_01,n000284,12
0081_01,n000284,12
0082_04,n000284,12
0083_01,n000284,12
0084_02,n000284,12
0085_01,n000284,12
0088_01,n000284,12
0089_02,n000284,12
0090_01,n000284,12
0091_02,n000284,12
0092_01,n000284,12
0093_01,n000284,12
0094_01,n000284,12
0095_02,n000284,12
0096_02,n000284,12
0097_02,n000284,12
0098_02,n000284,12
0099_02,n000284,12
0100_01,n000284,12
0101_02,n000284,12
0103_02,n000284,12
0104_02,n000284,12
0105_03,n000284,12
0106_02,n000284,12
0107_02,n000284,12
0109_01,n000284,12
0110_01,n000284,12
0111_01,n000284,12
0112_03,n000284,12
0113_01,n000284,12
0115_02,n000284,12
0116_01,n000284,12
0117_02,n000284,12
0118_02,n000284,12
0119_02,n000284,12
0120_01,n000284,12
0121_02,n000284,12
0122_02,n000284,12
0123_02,n000284,12
0125_02,n000284,12
0128_02,n000284,12
0130_02,n000284,12
0131_02,n000284,12
0132_02,n000284,12
0135_01,n000284,12
0136_01,n000284,12
0137_02,n000284,12
0138_02,n000284,12
0140_03,n000284,12
0141_02,n000284,12
0142_01,n000284,12
0143_01,n000284,12
0144_01,n000284,12
0145_01,n000284,12
0146_01,n000284,12
0147_02,n000284,12
0148_01,n000284,12
0149_02,n000284,12
0150_01,n000284,12
0001_01,n000363,13
0002_01,n000363,13
0003_01,n000363,13
0004_01,n000363,13
0005_01,n000363,13
0006_01,n000363,13
0007_01,n000363,13
0008_01,n000363,13
0008_02,n000363,13
0008_03,n000363,13
0008_04,n000363,13
0009_01,n000363,13
0009_02,n000363,13
0010_01,n000363,13
0011_01,n000363,13
0012_01,n000363,13
0013_02,n000363,13
0014_01,n000363,13
0014_02,n000363,13
0014_03,n000363,13
0014_04,n000363,13
0015_02,n000363,13
0016_01,n000363,13
0017_01,n000363,13
0018_01,n000363,13
0018_02,n000363,13
0020_01,n000363,13
0022_01,n000363,13
0023_01,n000363,13
0024_01,n000363,13
0025_01,n000363,13
0026_01,n000363,13
0027_02,n000363,13
0029_01,n000363,13
0030_01,n000363,13
0031_01,n000363,13
0032_01,n000363,13
0033_01,n000363,13
0034_01,n000363,13
0035_01,n000363,13
0036_01,n000363,13
0037_01,n000363,13
0038_01,n000363,13
0039_01,n000363,13
0039_02,n000363,13
0040_01,n000363,13
0041_01,n000363,13
0042_01,n000363,13
0043_01,n000363,13
0044_01,n000363,13
0045_01,n000363,13
0046_01,n000363,13
0047_01,n000363,13
0048_01,n000363,13
0048_03,n000363,13
0048_04,n000363,13
0049_01,n000363,13
0050_01,n000363,13
0051_01,n000363,13
0052_01,n000363,13
0054_01,n000363,13
0055_01,n000363,13
0056_01,n000363,13
0057_01,n000363,13
0058_01,n000363,13
0059_01,n000363,13
0060_02,n000363,13
0061_01,n000363,13
0062_01,n000363,13
0063_01,n000363,13
0064_01,n000363,13
0065_01,n000363,13
0065_02,n000363,13
0065_03,n000363,13
0066_01,n000363,13
0066_02,n000363,13
0067_01,n000363,13
0068_01,n000363,13
0068_02,n000363,13
0069_01,n000363,13
0072_01,n000363,13
0073_01,n000363,13
0074_01,n000363,13
0075_01,n000363,13
0076_01,n000363,13
0077_01,n000363,13
0078_01,n000363,13
0079_01,n000363,13
0080_01,n000363,13
0081_01,n000363,13
0084_01,n000363,13
0085_01,n000363,13
0087_01,n000363,13
0088_01,n000363,13
0089_01,n000363,13
0089_04,n000363,13
0089_05,n000363,13
0089_06,n000363,13
0090_01,n000363,13
0091_01,n000363,13
0093_01,n000363,13
0094_01,n000363,13
0095_01,n000363,13
0096_01,n000363,13
0097_01,n000363,13
0098_01,n000363,13
0099_01,n000363,13
0101_01,n000363,13
0102_01,n000363,13
0102_02,n000363,13
0103_01,n000363,13
0104_01,n000363,13
0105_01,n000363,13
0106_01,n000363,13
0106_02,n000363,13
0107_02,n000363,13
0108_01,n000363,13
0109_01,n000363,13
0111_01,n000363,13
0112_01,n000363,13
0113_01,n000363,13
0114_01,n000363,13
0115_01,n000363,13
0117_01,n000363,13
0118_01,n000363,13
0119_03,n000363,13
0119_04,n000363,13
0119_07,n000363,13
0119_08,n000363,13
0119_09,n000363,13
0120_01,n000363,13
0121_01,n000363,13
0121_02,n000363,13
0122_02,n000363,13
0123_01,n000363,13
0001_01,n000394,14
0002_01,n000394,14
0003_02,n000394,14
0004_01,n000394,14
0005_02,n000394,14
0006_01,n000394,14
0007_01,n000394,14
0008_02,n000394,14
0009_01,n000394,14
0010_01,n000394,14
0011_01,n000394,14
0012_02,n000394,14
0013_01,n000394,14
0014_03,n000394,14
0015_01,n000394,14
0016_01,n000394,14
0017_01,n000394,14
0018_01,n000394,14
0019_02,n000394,14
0020_01,n000394,14
0021_02,n000394,14
0022_01,n000394,14
0023_01,n000394,14
0024_01,n000394,14
0025_01,n000394,14
0026_02,n000394,14
0027_01,n000394,14
0028_01,n000394,14
0029_01,n000394,14
0030_01,n000394,14
0031_02,n000394,14
0032_02,n000394,14
0033_02,n000394,14
0034_02,n000394,14
0035_01,n000394,14
0036_01,n000394,14
0037_01,n000394,14
0038_01,n000394,14
0039_01,n000394,14
0040_01,n000394,14
0041_01,n000394,14
0042_01,n000394,14
0043_08,n000394,14
0044_01,n000394,14
0045_01,n000394,14
0046_01,n000394,14
0047_01,n000394,14
0048_01,n000394,14
0049_01,n000394,14
0050_01,n000394,14
0051_01,n000394,14
0052_01,n000394,14
0053_01,n000394,14
0054_02,n000394,14
0055_02,n000394,14
0056_01,n000394,14
0057_02,n000394,14
0058_02,n000394,14
0059_02,n000394,14
0060_01,n000394,14
0061_02,n000394,14
0062_02,n000394,14
0063_01,n000394,14
0064_01,n000394,14
0065_02,n000394,14
0066_01,n000394,14
0067_01,n000394,14
0068_01,n000394,14
0068_02,n000394,14
0069_01,n000394,14
0070_01,n000394,14
0071_01,n000394,14
0072_02,n000394,14
0073_03,n000394,14
0074_01,n000394,14
0075_01,n000394,14
0076_01,n000394,14
0077_01,n000394,14
0078_03,n000394,14
0079_01,n000394,14
0080_01,n000394,14
0081_01,n000394,14
0082_03,n000394,14
0083_01,n000394,14
0084_01,n000394,14
0085_01,n000394,14
0086_01,n000394,14
0087_01,n000394,14
0088_01,n000394,14
0089_02,n000394,14
0090_01,n000394,14
0091_01,n000394,14
0092_01,n000394,14
0093_01,n000394,14
0094_01,n000394,14
0095_01,n000394,14
0096_01,n000394,14
0097_01,n000394,14
0097_02,n000394,14
0097_03,n000394,14
0098_01,n000394,14
0099_01,n000394,14
0100_01,n000394,14
0101_01,n000394,14
0102_01,n000394,14
0103_01,n000394,14
0104_01,n000394,14
0105_04,n000394,14
0106_01,n000394,14
0107_02,n000394,14
0108_02,n000394,14
0109_01,n000394,14
0110_01,n000394,14
0111_01,n000394,14
0112_02,n000394,14
0113_02,n000394,14
0114_01,n000394,14
0115_01,n000394,14
0115_02,n000394,14
0115_03,n000394,14
0115_04,n000394,14
0116_01,n000394,14
0117_01,n000394,14
0118_01,n000394,14
0119_03,n000394,14
0120_01,n000394,14
0121_01,n000394,14
0122_01,n000394,14
0123_01,n000394,14
0124_01,n000394,14
0125_01,n000394,14
0126_02,n000394,14
0127_01,n000394,14
0128_01,n000394,14
0129_01,n000394,14
0001_01,n000410,15
0002_01,n000410,15
0003_01,n000410,15
0004_01,n000410,15
0005_01,n000410,15
0006_01,n000410,15
0007_01,n000410,15
0008_01,n000410,15
0009_01,n000410,15
0010_01,n000410,15
0011_01,n000410,15
0011_02,n000410,15
0011_03,n000410,15
0012_01,n000410,15
0013_01,n000410,15
0014_01,n000410,15
0015_01,n000410,15
0016_01,n000410,15
0017_01,n000410,15
0018_01,n000410,15
0019_01,n000410,15
0020_01,n000410,15
0021_01,n000410,15
0022_01,n000410,15
0023_01,n000410,15
0024_01,n000410,15
0024_02,n000410,15
0024_03,n000410,15
0025_01,n000410,15
0026_01,n000410,15
0028_01,n000410,15
0029_01,n000410,15
0030_01,n000410,15
0031_01,n000410,15
0032_01,n000410,15
0033_01,n000410,15
0034_01,n000410,15
0035_01,n000410,15
0036_01,n000410,15
0037_01,n000410,15
0038_01,n000410,15
0039_02,n000410,15
0040_01,n000410,15
0041_01,n000410,15
0042_01,n000410,15
0043_01,n000410,15
0044_01,n000410,15
0045_01,n000410,15
0046_01,n000410,15
0047_01,n000410,15
0049_01,n000410,15
0050_01,n000410,15
0051_01,n000410,15
0052_01,n000410,15
0053_01,n000410,15
0054_01,n000410,15
0055_01,n000410,15
0057_01,n000410,15
0058_01,n000410,15
0059_01,n000410,15
0060_01,n000410,15
0061_01,n000410,15
0062_01,n000410,15
0063_01,n000410,15
0066_01,n000410,15
0066_03,n000410,15
0067_01,n000410,15
0068_02,n000410,15
0069_01,n000410,15
0070_01,n000410,15
0071_01,n000410,15
0072_01,n000410,15
0073_01,n000410,15
0074_01,n000410,15
0074_02,n000410,15
0074_03,n000410,15
0075_01,n000410,15
0076_01,n000410,15
0079_02,n000410,15
0080_01,n000410,15
0081_01,n000410,15
0082_01,n000410,15
0083_01,n000410,15
0085_01,n000410,15
0086_02,n000410,15
0087_01,n000410,15
0088_02,n000410,15
0091_01,n000410,15
0092_01,n000410,15
0092_04,n000410,15
0093_01,n000410,15
0097_01,n000410,15
0099_01,n000410,15
0100_01,n000410,15
0103_01,n000410,15
0105_01,n000410,15
0108_04,n000410,15
0116_01,n000410,15
0118_01,n000410,15
0119_01,n000410,15
0121_01,n000410,15
0123_03,n000410,15
0124_01,n000410,15
0125_02,n000410,15
0126_01,n000410,15
0128_01,n000410,15
0129_01,n000410,15
0131_01,n000410,15
0134_01,n000410,15
0138_01,n000410,15
0140_01,n000410,15
0143_01,n000410,15
0145_01,n000410,15
0148_01,n000410,15
0149_02,n000410,15
0151_01,n000410,15
0154_01,n000410,15
0159_01,n000410,15
0160_01,n000410,15
0163_01,n000410,15
0164_03,n000410,15
0169_01,n000410,15
0171_01,n000410,15
0177_03,n000410,15
0183_01,n000410,15
0184_01,n000410,15
0187_01,n000410,15
0189_01,n000410,15
0191_01,n000410,15
0194_02,n000410,15
0195_01,n000410,15
0196_01,n000410,15
0198_01,n000410,15
0198_02,n000410,15
0202_01,n000410,15
0001_01,n000452,16
0002_01,n000452,16
0003_01,n000452,16
0004_01,n000452,16
0005_01,n000452,16
0006_01,n000452,16
0006_02,n000452,16
0007_01,n000452,16
0008_01,n000452,16
0009_02,n000452,16
0010_01,n000452,16
0011_01,n000452,16
0012_01,n000452,16
0013_02,n000452,16
0014_01,n000452,16
0015_02,n000452,16
0016_01,n000452,16
0017_01,n000452,16
0018_01,n000452,16
0019_02,n000452,16
0020_03,n000452,16
0021_01,n000452,16
0022_01,n000452,16
0023_01,n000452,16
0024_01,n000452,16
0025_01,n000452,16
0026_01,n000452,16
0027_01,n000452,16
0028_01,n000452,16
0029_01,n000452,16
0030_01,n000452,16
0031_01,n000452,16
0032_01,n000452,16
0033_01,n000452,16
0034_01,n000452,16
0035_02,n000452,16
0036_01,n000452,16
0037_02,n000452,16
0038_01,n000452,16
0039_01,n000452,16
0040_02,n000452,16
0041_01,n000452,16
0042_01,n000452,16
0043_02,n000452,16
0044_01,n000452,16
0045_01,n000452,16
0046_01,n000452,16
0047_01,n000452,16
0048_01,n000452,16
0049_01,n000452,16
0050_03,n000452,16
0051_01,n000452,16
0052_09,n000452,16
0053_01,n000452,16
0054_01,n000452,16
0055_01,n000452,16
0056_01,n000452,16
0057_01,n000452,16
0058_01,n000452,16
0059_01,n000452,16
0060_01,n000452,16
0061_01,n000452,16
0062_01,n000452,16
0063_01,n000452,16
0064_01,n000452,16
0065_01,n000452,16
0066_01,n000452,16
0066_02,n000452,16
0067_01,n000452,16
0068_01,n000452,16
0069_03,n000452,16
0070_01,n000452,16
0071_01,n000452,16
0072_01,n000452,16
0073_01,n000452,16
0074_01,n000452,16
0075_01,n000452,16
0076_01,n000452,16
0077_01,n000452,16
0078_03,n000452,16
0079_01,n000452,16
0080_01,n000452,16
0081_01,n000452,16
0082_01,n000452,16
0083_01,n000452,16
0084_01,n000452,16
0085_01,n000452,16
0086_01,n000452,16
0087_02,n000452,16
0088_01,n000452,16
0089_01,n000452,16
0090_01,n000452,16
0091_01,n000452,16
0092_01,n000452,16
0093_01,n000452,16
0094_01,n000452,16
0095_01,n000452,16
0096_01,n000452,16
0097_02,n000452,16
0098_01,n000452,16
0099_01,n000452,16
0100_01,n000452,16
0101_01,n000452,16
0102_01,n000452,16
0103_02,n000452,16
0103_04,n000452,16
0104_01,n000452,16
0105_01,n000452,16
0106_02,n000452,16
0107_01,n000452,16
0108_01,n000452,16
0109_01,n000452,16
0110_05,n000452,16
0110_06,n000452,16
0110_08,n000452,16
0110_09,n000452,16
0110_10,n000452,16
0111_02,n000452,16
0112_01,n000452,16
0113_02,n000452,16
0114_01,n000452,16
0115_01,n000452,16
0116_01,n000452,16
0117_02,n000452,16
0118_01,n000452,16
0119_01,n000452,16
0120_01,n000452,16
0121_01,n000452,16
0122_02,n000452,16
0123_01,n000452,16
0124_02,n000452,16
0125_01,n000452,16
0126_01,n000452,16
0127_01,n000452,16
0128_01,n000452,16
0001_01,n000480,17
0002_01,n000480,17
0003_01,n000480,17
0004_02,n000480,17
0005_01,n000480,17
0006_01,n000480,17
0007_01,n000480,17
0008_01,n000480,17
0009_01,n000480,17
0010_01,n000480,17
0011_01,n000480,17
0012_01,n000480,17
0013_01,n000480,17
0014_01,n000480,17
0015_01,n000480,17
0016_01,n000480,17
0017_01,n000480,17
0018_01,n000480,17
0018_04,n000480,17
0019_01,n000480,17
0020_01,n000480,17
0021_01,n000480,17
0022_01,n000480,17
0023_01,n000480,17
0024_01,n000480,17
0025_01,n000480,17
0026_02,n000480,17
0027_02,n000480,17
0028_01,n000480,17
0029_01,n000480,17
0030_01,n000480,17
0031_01,n000480,17
0032_02,n000480,17
0033_01,n000480,17
0034_02,n000480,17
0035_02,n000480,17
0036_01,n000480,17
0038_02,n000480,17
0039_01,n000480,17
0040_02,n000480,17
0041_01,n000480,17
0042_04,n000480,17
0043_01,n000480,17
0044_02,n000480,17
0045_01,n000480,17
0046_04,n000480,17
0048_04,n000480,17
0049_01,n000480,17
0050_01,n000480,17
0051_05,n000480,17
0052_01,n000480,17
0053_01,n000480,17
0054_04,n000480,17
0055_06,n000480,17
0056_01,n000480,17
0057_01,n000480,17
0058_01,n000480,17
0059_02,n000480,17
0060_01,n000480,17
0061_01,n000480,17
0062_02,n000480,17
0063_02,n000480,17
0064_01,n000480,17
0065_02,n000480,17
0066_01,n000480,17
0067_02,n000480,17
0068_02,n000480,17
0069_01,n000480,17
0070_05,n000480,17
0071_01,n000480,17
0072_01,n000480,17
0073_01,n000480,17
0074_01,n000480,17
0075_01,n000480,17
0076_02,n000480,17
0077_01,n000480,17
0078_01,n000480,17
0079_01,n000480,17
0080_01,n000480,17
0080_02,n000480,17
0080_03,n000480,17
0081_01,n000480,17
0082_05,n000480,17
0083_01,n000480,17
0084_02,n000480,17
0085_02,n000480,17
0086_01,n000480,17
0087_02,n000480,17
0088_01,n000480,17
0089_01,n000480,17
0090_03,n000480,17
0091_02,n000480,17
0092_01,n000480,17
0093_02,n000480,17
0094_02,n000480,17
0095_01,n000480,17
0096_01,n000480,17
0097_01,n000480,17
0098_01,n000480,17
0099_01,n000480,17
0100_02,n000480,17
0101_02,n000480,17
0102_02,n000480,17
0103_01,n000480,17
0104_04,n000480,17
0106_02,n000480,17
0107_02,n000480,17
0108_02,n000480,17
0109_02,n000480,17
0110_01,n000480,17
0111_02,n000480,17
0112_02,n000480,17
0113_01,n000480,17
0114_01,n000480,17
0115_01,n000480,17
0116_02,n000480,17
0117_02,n000480,17
0118_01,n000480,17
0119_01,n000480,17
0120_01,n000480,17
0121_02,n000480,17
0122_06,n000480,17
0123_02,n000480,17
0124_01,n000480,17
0125_01,n000480,17
0126_01,n000480,17
0127_01,n000480,17
0128_05,n000480,17
0129_01,n000480,17
0130_01,n000480,17
0131_01,n000480,17
0132_03,n000480,17
0133_02,n000480,17
0134_01,n000480,17
0135_02,n000480,17
0001_01,n000527,18
0002_02,n000527,18
0003_01,n000527,18
0004_01,n000527,18
0005_02,n000527,18
0006_01,n000527,18
0007_01,n000527,18
0008_01,n000527,18
0009_02,n000527,18
0010_02,n000527,18
0011_01,n000527,18
0012_01,n000527,18
0013_01,n000527,18
0014_01,n000527,18
0015_01,n000527,18
0016_01,n000527,18
0017_01,n000527,18
0018_01,n000527,18
0019_02,n000527,18
0020_01,n000527,18
0021_02,n000527,18
0022_01,n000527,18
0023_01,n000527,18
0024_01,n000527,18
0025_01,n000527,18
0026_01,n000527,18
0027_01,n000527,18
0028_01,n000527,18
0029_01,n000527,18
0030_01,n000527,18
0031_01,n000527,18
0032_01,n000527,18
0033_02,n000527,18
0034_01,n000527,18
0035_01,n000527,18
0036_02,n000527,18
0037_01,n000527,18
0038_02,n000527,18
0039_01,n000527,18
0040_01,n000527,18
0041_01,n000527,18
0041_03,n000527,18
0042_01,n000527,18
0043_01,n000527,18
0044_01,n000527,18
0045_01,n000527,18
0046_01,n000527,18
0047_01,n000527,18
0048_01,n000527,18
0049_01,n000527,18
0050_01,n000527,18
0051_02,n000527,18
0052_01,n000527,18
0053_01,n000527,18
0054_01,n000527,18
0055_02,n000527,18
0056_01,n000527,18
0057_02,n000527,18
0058_01,n000527,18
0059_01,n000527,18
0060_01,n000527,18
0061_01,n000527,18
0062_02,n000527,18
0063_01,n000527,18
0064_01,n000527,18
0065_01,n000527,18
0066_01,n000527,18
0067_02,n000527,18
0068_01,n000527,18
0069_01,n000527,18
0070_01,n000527,18
0071_01,n000527,18
0072_01,n000527,18
0073_01,n000527,18
0074_01,n000527,18
0075_01,n000527,18
0076_01,n000527,18
0077_02,n000527,18
0078_01,n000527,18
0079_01,n000527,18
0080_01,n000527,18
0081_01,n000527,18
0082_01,n000527,18
0083_01,n000527,18
0084_01,n000527,18
0085_01,n000527,18
0086_01,n000527,18
0087_01,n000527,18
0088_01,n000527,18
0089_02,n000527,18
0090_01,n000527,18
0091_02,n000527,18
0092_01,n000527,18
0093_01,n000527,18
0094_01,n000527,18
0095_01,n000527,18
0096_01,n000527,18
0097_01,n000527,18
0098_01,n000527,18
0099_01,n000527,18
0100_02,n000527,18
0101_01,n000527,18
0102_01,n000527,18
0103_02,n000527,18
0104_03,n000527,18
0105_01,n000527,18
0106_02,n000527,18
0107_02,n000527,18
0108_02,n000527,18
0109_01,n000527,18
0110_01,n000527,18
0111_01,n000527,18
0112_01,n000527,18
0113_01,n000527,18
0114_01,n000527,18
0115_01,n000527,18
0116_01,n000527,18
0117_01,n000527,18
0118_01,n000527,18
0119_01,n000527,18
0120_02,n000527,18
0121_01,n000527,18
0122_01,n000527,18
0123_01,n000527,18
0124_01,n000527,18
0125_01,n000527,18
0126_01,n000527,18
0127_01,n000527,18
0128_01,n000527,18
0129_01,n000527,18
0130_02,n000527,18
0131_01,n000527,18
0132_02,n000527,18
0133_01,n000527,18
0134_01,n000527,18
0001_01,n000596,19
0002_01,n000596,19
0003_01,n000596,19
0004_01,n000596,19
0005_01,n000596,19
0006_01,n000596,19
0007_01,n000596,19
0008_01,n000596,19
0009_01,n000596,19
0010_01,n000596,19
0011_01,n000596,19
0012_01,n000596,19
0013_01,n000596,19
0014_01,n000596,19
0015_01,n000596,19
0016_01,n000596,19
0017_01,n000596,19
0018_01,n000596,19
0019_01,n000596,19
0020_01,n000596,19
0021_01,n000596,19
0022_01,n000596,19
0023_01,n000596,19
0024_01,n000596,19
0025_01,n000596,19
0026_01,n000596,19
0027_01,n000596,19
0028_01,n000596,19
0029_03,n000596,19
0030_01,n000596,19
0031_01,n000596,19
0032_01,n000596,19
0033_01,n000596,19
0034_02,n000596,19
0035_01,n000596,19
0036_01,n000596,19
0037_02,n000596,19
0038_01,n000596,19
0039_01,n000596,19
0040_01,n000596,19
0041_01,n000596,19
0042_01,n000596,19
0043_01,n000596,19
0044_01,n000596,19
0045_01,n000596,19
0046_01,n000596,19
0047_01,n000596,19
0048_01,n000596,19
0049_01,n000596,19
0050_01,n000596,19
0051_01,n000596,19
0052_01,n000596,19
0053_01,n000596,19
0054_01,n000596,19
0055_01,n000596,19
0056_01,n000596,19
0057_01,n000596,19
0058_01,n000596,19
0059_01,n000596,19
0060_01,n000596,19
0061_01,n000596,19
0062_01,n000596,19
0063_01,n000596,19
0064_01,n000596,19
0065_01,n000596,19
0066_01,n000596,19
0067_01,n000596,19
0068_01,n000596,19
0069_01,n000596,19
0070_01,n000596,19
0071_01,n000596,19
0072_01,n000596,19
0073_01,n000596,19
0074_01,n000596,19
0075_01,n000596,19
0077_01,n000596,19
0078_01,n000596,19
0079_01,n000596,19
0080_01,n000596,19
0081_01,n000596,19
0082_01,n000596,19
0083_01,n000596,19
0084_01,n000596,19
0085_01,n000596,19
0086_01,n000596,19
0087_01,n000596,19
0088_01,n000596,19
0089_01,n000596,19
0090_05,n000596,19
0091_01,n000596,19
0092_01,n000596,19
0093_01,n000596,19
0094_01,n000596,19
0095_01,n000596,19
0096_01,n000596,19
0097_01,n000596,19
0098_01,n000596,19
0099_01,n000596,19
0100_02,n000596,19
0101_01,n000596,19
0102_01,n000596,19
0103_01,n000596,19
0104_02,n000596,19
0106_01,n000596,19
0107_01,n000596,19
0108_01,n000596,19
0109_01,n000596,19
0110_02,n000596,19
0110_03,n000596,19
0110_07,n000596,19
0111_01,n000596,19
0112_01,n000596,19
0113_01,n000596,19
0114_01,n000596,19
0115_01,n000596,19
0116_01,n000596,19
0117_01,n000596,19
0118_01,n000596,19
0119_01,n000596,19
0120_01,n000596,19
0121_01,n000596,19
0122_01,n000596,19
0123_01,n000596,19
0124_01,n000596,19
0125_01,n000596,19
0126_01,n000596,19
0127_01,n000596,19
0128_02,n000596,19
0129_01,n000596,19
0129_02,n000596,19
0130_01,n000596,19
0131_01,n000596,19
0132_01,n000596,19
0133_01,n000596,19
0134_01,n000596,19
